Model,MAE,RMSE,R2
Linear Regression,20.27557970955482,70.49773454421243,0.2968917036148919
Decision Tree,0.8939795000000648,28.85865515101146,0.8821786275301493
KNN,13.88202241,58.38369022564095,0.5177691572612644
