Model,MAE,RMSE,R2
Linear Regression,20.27557970955482,70.49773454421243,0.2968917036148919
Decision Tree,0.8939795000000648,28.85865515101146,0.8821786275301493
Random Forest,0.747312344000033,23.959499696760474,0.9187866564562903
Gradient Boosting,3.4343967176603836,20.507261908392227,0.940504070157458
XGBoost,2.8608555117259624,50.65454120359234,0.6369982885916105
