Scenario,MAE,RMSE,R2
Standard Split,3.4343967176603836,20.507261908392227,0.940504070157458
5 Fold CV,,,0.9505685856177163
10% Noise,16.48005994687501,55.81139243614349,0.5593258089291793
20% Missing,10.713168257101728,48.38755688450948,0.6687626587364679
20% Missing,10.859429086188173,52.01547842193526,0.6172307026118151
